{"cameraMode":{"drawMode":0,"name":"Shaded","section":"Shading Mode"},"sceneLighting":true,"audioPlay":false,"sceneViewState":{"showFog":true,"showMaterialUpdate":true,"showSkybox":true,"showFlares":true,"showImageEffects":true,"showParticleSystems":true},"in2DMode":false,"pivot":{"x":9.623584747314454,"y":2.0859999656677248,"z":8.354000091552735},"rotation":{"x":0.22624275088310243,"y":0.0744314193725586,"z":-0.017340252175927163,"w":0.971068263053894},"size":1.4070488214492798,"orthographic":false}