{"cameraMode":{"drawMode":0,"name":"Shaded","section":"Shading Mode"},"sceneLighting":true,"audioPlay":false,"sceneViewState":{"showFog":true,"showMaterialUpdate":true,"showSkybox":true,"showFlares":true,"showImageEffects":true,"showParticleSystems":true},"in2DMode":false,"pivot":{"x":21.489547729492189,"y":7.6361494064331059,"z":0.8332171440124512},"rotation":{"x":0.18403726816177369,"y":-0.7025430202484131,"z":0.19624966382980348,"w":0.6588244438171387},"size":5.6772613525390629,"orthographic":false}