{"cameraMode":{"drawMode":0,"name":"Shaded","section":"Shading Mode"},"sceneLighting":true,"audioPlay":false,"sceneViewState":{"showFog":true,"showMaterialUpdate":true,"showSkybox":true,"showFlares":true,"showImageEffects":true,"showParticleSystems":true},"in2DMode":false,"pivot":{"x":18.784603118896486,"y":8.239577293395996,"z":5.082065582275391},"rotation":{"x":0.1353074312210083,"y":-0.8368800282478333,"z":0.23919863998889924,"w":0.4734000861644745},"size":3.7232353687286379,"orthographic":false}