{"cameraMode":{"drawMode":0,"name":"Shaded","section":"Shading Mode"},"sceneLighting":true,"audioPlay":false,"sceneViewState":{"showFog":true,"showMaterialUpdate":true,"showSkybox":true,"showFlares":true,"showImageEffects":true,"showParticleSystems":true},"in2DMode":false,"pivot":{"x":20.799999237060548,"y":4.300000190734863,"z":-2.126373767852783},"rotation":{"x":0.0556180402636528,"y":0.9337283372879028,"z":-0.31202054023742678,"w":0.16643747687339784},"size":8.502366065979004,"orthographic":false}