{"cameraMode":{"drawMode":0,"name":"Shaded","section":"Shading Mode"},"sceneLighting":true,"audioPlay":false,"sceneViewState":{"showFog":true,"showMaterialUpdate":true,"showSkybox":true,"showFlares":true,"showImageEffects":true,"showParticleSystems":true},"in2DMode":false,"pivot":{"x":4.179693698883057,"y":2.8521604537963869,"z":2.0612540245056154},"rotation":{"x":0.15209127962589265,"y":-0.6718829870223999,"z":0.14384329319000245,"w":0.7104580402374268},"size":22.51686668395996,"orthographic":false}