{"cameraMode":{"drawMode":0,"name":"Shaded","section":"Shading Mode"},"sceneLighting":true,"audioPlay":false,"sceneViewState":{"showFog":true,"showMaterialUpdate":true,"showSkybox":true,"showFlares":true,"showImageEffects":true,"showParticleSystems":true},"in2DMode":false,"pivot":{"x":5.623432636260986,"y":-2.92093563079834,"z":-0.38829505443573},"rotation":{"x":0.2840164005756378,"y":-0.6247486472129822,"z":0.2614263892173767,"w":0.6787341833114624},"size":39.044395446777347,"orthographic":false}