{"cameraMode":{"drawMode":0,"name":"Shaded","section":"Shading Mode"},"sceneLighting":true,"audioPlay":false,"sceneViewState":{"showFog":true,"showMaterialUpdate":true,"showSkybox":true,"showFlares":true,"showImageEffects":true,"showParticleSystems":true},"in2DMode":false,"pivot":{"x":20.97191619873047,"y":8.761271476745606,"z":0.7352619171142578},"rotation":{"x":0.11022603511810303,"y":-0.7238187789916992,"z":0.11896292120218277,"w":0.6706597208976746},"size":5.6772613525390629,"orthographic":false}