{"cameraMode":{"drawMode":0,"name":"Shaded","section":"Shading Mode"},"sceneLighting":true,"audioPlay":false,"sceneViewState":{"showFog":true,"showMaterialUpdate":true,"showSkybox":true,"showFlares":true,"showImageEffects":true,"showParticleSystems":true},"in2DMode":false,"pivot":{"x":17.78187370300293,"y":7.399912357330322,"z":0.7463732957839966},"rotation":{"x":-0.13226540386676789,"y":0.7855495810508728,"z":-0.18005318939685822,"w":-0.577060341835022},"size":6.064459800720215,"orthographic":false}