{"cameraMode":{"drawMode":0,"name":"Shaded","section":"Shading Mode"},"sceneLighting":true,"audioPlay":false,"sceneViewState":{"showFog":true,"showMaterialUpdate":true,"showSkybox":true,"showFlares":true,"showImageEffects":true,"showParticleSystems":true},"in2DMode":false,"pivot":{"x":19.826711654663087,"y":7.4098920822143559,"z":-1.999101161956787},"rotation":{"x":0.2065563201904297,"y":-0.35362300276756289,"z":0.08037719130516052,"w":0.9087490439414978},"size":5.8208746910095219,"orthographic":false}