{"cameraMode":{"drawMode":0,"name":"Shaded","section":"Shading Mode"},"sceneLighting":false,"audioPlay":false,"sceneViewState":{"showFog":false,"showMaterialUpdate":false,"showSkybox":false,"showFlares":false,"showImageEffects":false,"showParticleSystems":false},"in2DMode":false,"pivot":{"x":-3.6145787239074709,"y":2.665818691253662,"z":2.6018052101135256},"rotation":{"x":-0.080987848341465,"y":-0.9003494381904602,"z":0.19049115478992463,"w":-0.3827858865261078},"size":3.485346555709839,"orthographic":false}