{"cameraMode":{"drawMode":0,"name":"Shaded","section":"Shading Mode"},"sceneLighting":false,"audioPlay":false,"sceneViewState":{"showFog":true,"showMaterialUpdate":true,"showSkybox":true,"showFlares":true,"showImageEffects":true,"showParticleSystems":true},"in2DMode":false,"pivot":{"x":0.3396153450012207,"y":8.57703971862793,"z":0.3895951211452484},"rotation":{"x":0.1953447461128235,"y":0.5791485905647278,"z":-0.1454170197248459,"w":0.7779982686042786},"size":7.315373420715332,"orthographic":false}