{"cameraMode":{"drawMode":0,"name":"Shaded","section":"Shading Mode"},"sceneLighting":true,"audioPlay":false,"sceneViewState":{"showFog":true,"showMaterialUpdate":true,"showSkybox":true,"showFlares":true,"showImageEffects":true,"showParticleSystems":true},"in2DMode":false,"pivot":{"x":21.968643188476564,"y":6.595853805541992,"z":0.0},"rotation":{"x":-0.12546181678771974,"y":-0.7816643118858337,"z":0.16685809195041657,"w":-0.5877231955528259},"size":12.413849830627442,"orthographic":false}