{"cameraMode":{"drawMode":0,"name":"Shaded","section":"Shading Mode"},"sceneLighting":true,"audioPlay":false,"sceneViewState":{"showFog":true,"showMaterialUpdate":true,"showSkybox":true,"showFlares":true,"showImageEffects":true,"showParticleSystems":true},"in2DMode":false,"pivot":{"x":21.658010482788087,"y":3.667896270751953,"z":-1.2969331741333008},"rotation":{"x":-0.002412461908534169,"y":0.9715697169303894,"z":-0.23653382062911988,"w":-0.009909478947520256},"size":6.858921527862549,"orthographic":false}