{"cameraMode":{"drawMode":0,"name":"Shaded","section":"Shading Mode"},"sceneLighting":true,"audioPlay":false,"sceneViewState":{"showFog":true,"showMaterialUpdate":true,"showSkybox":true,"showFlares":true,"showImageEffects":true,"showParticleSystems":true},"in2DMode":false,"pivot":{"x":250.001953125,"y":932.796630859375,"z":-0.6530506610870361},"rotation":{"x":-0.20102548599243165,"y":0.405671626329422,"z":-0.0919518694281578,"w":-0.8868845701217651},"size":405.6426696777344,"orthographic":false}