{"cameraMode":{"drawMode":0,"name":"Shaded","section":"Shading Mode"},"sceneLighting":false,"audioPlay":false,"sceneViewState":{"showFog":false,"showMaterialUpdate":false,"showSkybox":false,"showFlares":false,"showImageEffects":false,"showParticleSystems":false},"in2DMode":false,"pivot":{"x":-3.6145787239074709,"y":2.665818691253662,"z":2.6018052101135256},"rotation":{"x":-0.06425788998603821,"y":-0.9318286180496216,"z":0.20446468889713288,"w":-0.29284921288490298},"size":3.485346555709839,"orthographic":false}