{"cameraMode":{"drawMode":0,"name":"Shaded","section":"Shading Mode"},"sceneLighting":true,"audioPlay":false,"sceneViewState":{"showFog":true,"showMaterialUpdate":true,"showSkybox":true,"showFlares":true,"showImageEffects":true,"showParticleSystems":true},"in2DMode":false,"pivot":{"x":22.021060943603517,"y":1.072338342666626,"z":-0.2251601219177246},"rotation":{"x":-0.2647487223148346,"y":-0.44023439288139346,"z":0.13762906193733216,"w":-0.8468530178070068},"size":11.804231643676758,"orthographic":false}