{"cameraMode":{"drawMode":0,"name":"Shaded","section":"Shading Mode"},"sceneLighting":true,"audioPlay":false,"sceneViewState":{"showFog":true,"showMaterialUpdate":true,"showSkybox":true,"showFlares":true,"showImageEffects":true,"showParticleSystems":true},"in2DMode":false,"pivot":{"x":23.48486328125,"y":4.166064739227295,"z":0.47768574953079226},"rotation":{"x":-0.17666517198085786,"y":-0.6191782355308533,"z":0.14562979340553285,"w":-0.7511322498321533},"size":16.97072410583496,"orthographic":false}