{"cameraMode":{"drawMode":0,"name":"Shaded","section":"Shading Mode"},"sceneLighting":true,"audioPlay":false,"sceneViewState":{"showFog":true,"showMaterialUpdate":true,"showSkybox":true,"showFlares":true,"showImageEffects":true,"showParticleSystems":true},"in2DMode":false,"pivot":{"x":20.962923049926759,"y":2.325265884399414,"z":-0.6162930727005005},"rotation":{"x":0.0396348237991333,"y":0.9567115306854248,"z":-0.24205757677555085,"w":0.15665319561958314},"size":6.858920574188232,"orthographic":false}