{"cameraMode":{"drawMode":0,"name":"Shaded","section":"Shading Mode"},"sceneLighting":true,"audioPlay":false,"sceneViewState":{"showFog":true,"showMaterialUpdate":true,"showSkybox":true,"showFlares":true,"showImageEffects":true,"showParticleSystems":true},"in2DMode":false,"pivot":{"x":21.68185806274414,"y":2.324766159057617,"z":-0.5873550772666931},"rotation":{"x":-0.08152470737695694,"y":-0.8152405619621277,"z":0.11846992373466492,"w":-0.5609825849533081},"size":6.858921527862549,"orthographic":false}