{"cameraMode":{"drawMode":0,"name":"Shaded","section":"Shading Mode"},"sceneLighting":false,"audioPlay":false,"sceneViewState":{"showFog":true,"showMaterialUpdate":true,"showSkybox":true,"showFlares":true,"showImageEffects":true,"showParticleSystems":true},"in2DMode":false,"pivot":{"x":0.3396153450012207,"y":8.57703971862793,"z":0.3895951211452484},"rotation":{"x":0.16687969863414765,"y":0.6753540635108948,"z":-0.16098318994045258,"w":0.7000945806503296},"size":7.315373420715332,"orthographic":false}