{"cameraMode":{"drawMode":0,"name":"Shaded","section":"Shading Mode"},"sceneLighting":true,"audioPlay":false,"sceneViewState":{"showFog":true,"showMaterialUpdate":true,"showSkybox":true,"showFlares":true,"showImageEffects":true,"showParticleSystems":true},"in2DMode":false,"pivot":{"x":16.76365852355957,"y":2.680802345275879,"z":5.046603202819824},"rotation":{"x":-0.002187789883464575,"y":0.9978092312812805,"z":-0.04793211817741394,"w":-0.04554707556962967},"size":3.5079479217529299,"orthographic":false}