{"cameraMode":{"drawMode":0,"name":"Shaded","section":"Shading Mode"},"sceneLighting":true,"audioPlay":false,"sceneViewState":{"showFog":true,"showMaterialUpdate":true,"showSkybox":true,"showFlares":true,"showImageEffects":true,"showParticleSystems":true},"in2DMode":false,"pivot":{"x":21.37554931640625,"y":4.7674126625061039,"z":0.07080912590026856},"rotation":{"x":0.0632137730717659,"y":0.2991524338722229,"z":-0.019865458831191064,"w":0.951901912689209},"size":3.259920120239258,"orthographic":false}