{"cameraMode":{"drawMode":0,"name":"Shaded","section":"Shading Mode"},"sceneLighting":true,"audioPlay":false,"sceneViewState":{"showFog":true,"showMaterialUpdate":true,"showSkybox":true,"showFlares":true,"showImageEffects":true,"showParticleSystems":true},"in2DMode":false,"pivot":{"x":-7.629995346069336,"y":7.6761674880981449,"z":1.2698644399642945},"rotation":{"x":-0.01729164645075798,"y":0.6395940184593201,"z":-0.014393772929906845,"w":-0.7683835625648499},"size":24.934288024902345,"orthographic":false}