{"cameraMode":{"drawMode":0,"name":"Shaded","section":"Shading Mode"},"sceneLighting":true,"audioPlay":false,"sceneViewState":{"showFog":true,"showMaterialUpdate":true,"showSkybox":true,"showFlares":true,"showImageEffects":true,"showParticleSystems":true},"in2DMode":false,"pivot":{"x":17.1813907623291,"y":2.4351024627685549,"z":39.42924499511719},"rotation":{"x":-0.08091159164905548,"y":0.003000001423060894,"z":-0.00024312835012096912,"w":-0.9967167377471924},"size":54.5186882019043,"orthographic":false}