{"cameraMode":{"drawMode":0,"name":"Shaded","section":"Shading Mode"},"sceneLighting":true,"audioPlay":false,"sceneViewState":{"showFog":false,"showMaterialUpdate":false,"showSkybox":false,"showFlares":false,"showImageEffects":false,"showParticleSystems":false},"in2DMode":false,"pivot":{"x":2.169295310974121,"y":4.858365058898926,"z":-0.9022294878959656},"rotation":{"x":0.21792928874492646,"y":0.6526127457618713,"z":-0.2042463719844818,"w":0.6963382363319397},"size":22.022117614746095,"orthographic":false}