{"cameraMode":{"drawMode":0,"name":"Shaded","section":"Shading Mode"},"sceneLighting":false,"audioPlay":false,"sceneViewState":{"showFog":true,"showMaterialUpdate":true,"showSkybox":true,"showFlares":true,"showImageEffects":true,"showParticleSystems":true},"in2DMode":false,"pivot":{"x":0.4606325030326843,"y":8.823036193847657,"z":0.29840341210365298},"rotation":{"x":0.1520843505859375,"y":0.6836196780204773,"z":-0.14892883598804475,"w":0.6981080174446106},"size":7.000357151031494,"orthographic":false}