{"cameraMode":{"drawMode":0,"name":"Shaded","section":"Shading Mode"},"sceneLighting":true,"audioPlay":false,"sceneViewState":{"showFog":true,"showMaterialUpdate":true,"showSkybox":true,"showFlares":true,"showImageEffects":true,"showParticleSystems":true},"in2DMode":false,"pivot":{"x":-16.0964412689209,"y":24.783126831054689,"z":7.838771343231201},"rotation":{"x":0.2519739270210266,"y":0.47273412346839907,"z":-0.14313560724258424,"w":0.8321921825408936},"size":22.0,"orthographic":false}