{"cameraMode":{"drawMode":0,"name":"Shaded","section":"Shading Mode"},"sceneLighting":true,"audioPlay":false,"sceneViewState":{"showFog":true,"showMaterialUpdate":true,"showSkybox":true,"showFlares":true,"showImageEffects":true,"showParticleSystems":true},"in2DMode":false,"pivot":{"x":16.05927276611328,"y":-0.783966064453125,"z":2.375835418701172},"rotation":{"x":-0.3751099705696106,"y":0.25748470425605776,"z":-0.10928792506456375,"w":-0.8837705850601196},"size":12.124975204467774,"orthographic":false}