{"cameraMode":{"drawMode":0,"name":"Shaded","section":"Shading Mode"},"sceneLighting":true,"audioPlay":false,"sceneViewState":{"showFog":true,"showMaterialUpdate":true,"showSkybox":true,"showFlares":true,"showImageEffects":true,"showParticleSystems":true},"in2DMode":false,"pivot":{"x":22.67320442199707,"y":6.6923675537109379,"z":7.701756954193115},"rotation":{"x":0.05819825828075409,"y":0.5911641120910645,"z":-0.042826227843761447,"w":0.8033080101013184},"size":27.311809539794923,"orthographic":false}