{"cameraMode":{"drawMode":0,"name":"Shaded","section":"Shading Mode"},"sceneLighting":true,"audioPlay":false,"sceneViewState":{"showFog":false,"showMaterialUpdate":false,"showSkybox":false,"showFlares":false,"showImageEffects":false,"showParticleSystems":false},"in2DMode":false,"pivot":{"x":-1.1026941537857056,"y":-0.8670728206634522,"z":-1.1804635524749756},"rotation":{"x":-0.07141245901584625,"y":0.9252365231513977,"z":-0.21938183903694154,"w":-0.3011799454689026},"size":10.0,"orthographic":false}