{"cameraMode":{"drawMode":0,"name":"Shaded","section":"Shading Mode"},"sceneLighting":true,"audioPlay":false,"sceneViewState":{"showFog":true,"showMaterialUpdate":true,"showSkybox":true,"showFlares":true,"showImageEffects":true,"showParticleSystems":true},"in2DMode":false,"pivot":{"x":-29.708829879760743,"y":24.859668731689454,"z":-7.379271507263184},"rotation":{"x":0.21532726287841798,"y":0.47135627269744875,"z":-0.11985674500465393,"w":0.8468127846717835},"size":4.4236369132995609,"orthographic":false}