{"cameraMode":{"drawMode":0,"name":"Shaded","section":"Shading Mode"},"sceneLighting":true,"audioPlay":false,"sceneViewState":{"showFog":true,"showMaterialUpdate":true,"showSkybox":true,"showFlares":true,"showImageEffects":true,"showParticleSystems":true},"in2DMode":false,"pivot":{"x":10.082707405090332,"y":-3.656008720397949,"z":4.165157794952393},"rotation":{"x":-0.36088520288467409,"y":0.45223724842071535,"z":-0.20686525106430055,"w":-0.7889551520347595},"size":21.41864776611328,"orthographic":false}