{"cameraMode":{"drawMode":0,"name":"Shaded","section":"Shading Mode"},"sceneLighting":true,"audioPlay":false,"sceneViewState":{"showFog":true,"showMaterialUpdate":true,"showSkybox":true,"showFlares":true,"showImageEffects":true,"showParticleSystems":true},"in2DMode":false,"pivot":{"x":20.01544952392578,"y":4.689299583435059,"z":-1.0000003576278687},"rotation":{"x":0.18611745536327363,"y":0.38986513018608096,"z":-0.08078009635210037,"w":0.8982427716255188},"size":18.29937171936035,"orthographic":false}