{"cameraMode":{"drawMode":0,"name":"Shaded","section":"Shading Mode"},"sceneLighting":true,"audioPlay":false,"sceneViewState":{"showFog":true,"showMaterialUpdate":true,"showSkybox":true,"showFlares":true,"showImageEffects":true,"showParticleSystems":true},"in2DMode":false,"pivot":{"x":0.6047267913818359,"y":6.881226539611816,"z":-4.176462173461914},"rotation":{"x":-0.08110114187002182,"y":0.7777512669563294,"z":-0.11635139584541321,"w":-0.6123626828193665},"size":10.49807071685791,"orthographic":false}