{"cameraMode":{"drawMode":0,"name":"Shaded","section":"Shading Mode"},"sceneLighting":true,"audioPlay":false,"sceneViewState":{"showFog":true,"showMaterialUpdate":true,"showSkybox":true,"showFlares":true,"showImageEffects":true,"showParticleSystems":true},"in2DMode":false,"pivot":{"x":20.799999237060548,"y":4.399904251098633,"z":-1.0000003576278687},"rotation":{"x":0.3922828137874603,"y":0.15690983831882478,"z":-0.06810508668422699,"w":0.9038004875183106},"size":2.501405715942383,"orthographic":false}