{"cameraMode":{"drawMode":0,"name":"Shaded","section":"Shading Mode"},"sceneLighting":false,"audioPlay":false,"sceneViewState":{"showFog":false,"showMaterialUpdate":false,"showSkybox":false,"showFlares":false,"showImageEffects":false,"showParticleSystems":false},"in2DMode":false,"pivot":{"x":-1.3108779191970826,"y":3.0359625816345217,"z":3.5660839080810549},"rotation":{"x":-0.04787149280309677,"y":-0.9489701390266419,"z":0.17709892988204957,"w":-0.2565152645111084},"size":3.485346555709839,"orthographic":false}